jira,collection,timestamp,subCommodityCode,subCommodityName,variations,database_name,object_id,operation_type,changes_summary
SCSART-101561,specconfig_dqa_changestream,2024-12-12 00:07:07 UTC,,,N/A,PROD_SB,specconfig_dqa_6734ff4cf81c05e185a24fa2_1733962027,replace,spec: Modified composite
SCSART-101397,subcommodity_dqa_changestream,2024-12-12 00:12:29 UTC,63206,POTATOES SWEET ORGANIC,"{'variationAttributes': [{'variationType': 'Package Size', 'variationName': '3 lb Bag', 'dqaHelperChecked': False, 'secondaryDqaHelperChecked': False, 'displayFlag': False}]}",PROD_SB,subcommodity_dqa_671a80248d26a628ef13f720_1733962349,update,tolerance: Modified usdaArrivalTolerance
SCSART-101397,subcommodity_dqa_changestream,2024-12-12 00:12:29 UTC,61802,POTATOES RED (BULK & BAG) ORGANIC,"{'variationAttributes': [{'variationType': 'Package Size', 'variationName': 'Other', 'dqaHelperChecked': False, 'secondaryDqaHelperChecked': False, 'displayFlag': False}]}",PROD_SB,subcommodity_dqa_671a80248d26a628ef13f721_1733962349,update,tolerance: Modified usdaArrivalTolerance
SCSART-101397,subcommodity_dqa_changestream,2024-12-12 00:12:30 UTC,98154,POTATOES SWEET & YAMS,"{'variationAttributes': [{'variationType': 'Package Size', 'variationName': 'Other', 'dqaHelperChecked': False, 'secondaryDqaHelperChecked': False, 'displayFlag': False}]}",PROD_SB,subcommodity_dqa_671a80248d26a628ef13f722_1733962350,update,tolerance: Modified usdaArrivalTolerance
SCSART-101397,subcommodity_dqa_changestream,2024-12-12 00:12:30 UTC,61802,POTATOES RED (BULK & BAG) ORGANIC,"{'variationAttributes': [{'variationType': 'Package Size', 'variationName': 'Size A', 'dqaHelperChecked': False, 'secondaryDqaHelperChecked': False, 'displayFlag': False}]}",PROD_SB,subcommodity_dqa_671a80248d26a628ef13f723_1733962350,update,tolerance: Modified usdaArrivalTolerance
SCSART-101397,subcommodity_dqa_changestream,2024-12-12 00:12:30 UTC,63206,POTATOES SWEET ORGANIC,"{'variationAttributes': [{'variationType': 'Package Size', 'variationName': '1 Count', 'dqaHelperChecked': False, 'secondaryDqaHelperChecked': False, 'displayFlag': False}]}",PROD_SB,subcommodity_dqa_671a80248d26a628ef13f724_1733962350,update,tolerance: Modified usdaArrivalTolerance
SCSART-101397,subcommodity_dqa_changestream,2024-12-12 00:12:30 UTC,98154,POTATOES SWEET & YAMS,"{'variationAttributes': [{'variationType': 'Package Size', 'variationName': '8 oz Microwaveable', 'dqaHelperChecked': False, 'secondaryDqaHelperChecked': False, 'displayFlag': False}]}",PROD_SB,subcommodity_dqa_671a80248d26a628ef13f725_1733962350,update,tolerance: Modified usdaArrivalTolerance
SCSART-101397,subcommodity_dqa_changestream,2024-12-12 00:12:30 UTC,61801,POTATOES RUSSET (BULK & BAG) ORGANIC,"{'variationAttributes': [{'variationType': 'Package Size', 'variationName': '3 lb Bag', 'dqaHelperChecked': False, 'secondaryDqaHelperChecked': False, 'displayFlag': False}]}",PROD_SB,subcommodity_dqa_671a80248d26a628ef13f726_1733962350,update,tolerance: Modified usdaArrivalTolerance
SCSART-101397,subcommodity_dqa_changestream,2024-12-12 00:12:30 UTC,61801,POTATOES RUSSET (BULK & BAG) ORGANIC,"{'variationAttributes': [{'variationType': 'Package Size', 'variationName': 'Other', 'dqaHelperChecked': False, 'secondaryDqaHelperChecked': False, 'displayFlag': False}]}",PROD_SB,subcommodity_dqa_671a80248d26a628ef13f727_1733962350,update,tolerance: Modified usdaArrivalTolerance
SCSART-101397,subcommodity_dqa_changestream,2024-12-12 00:12:30 UTC,98151,POTATOES RUSSET (BULK & BAG),"{'variationAttributes': [{'variationType': 'Package Size', 'variationName': 'Bulk', 'dqaHelperChecked': False, 'secondaryDqaHelperChecked': False, 'displayFlag': False}]}",PROD_SB,subcommodity_dqa_671a80248d26a628ef13f728_1733962350,update,tolerance: Modified usdaArrivalTolerance
SCSART-101397,subcommodity_dqa_changestream,2024-12-12 00:12:30 UTC,98151,POTATOES RUSSET (BULK & BAG),"{'variationAttributes': [{'variationType': 'Package Size', 'variationName': '4 Count Tray', 'dqaHelperChecked': False, 'secondaryDqaHelperChecked': False, 'displayFlag': False}]}",PROD_SB,subcommodity_dqa_671a80248d26a628ef13f729_1733962350,update,tolerance: Modified usdaArrivalTolerance
SCSART-101397,subcommodity_dqa_changestream,2024-12-12 00:12:30 UTC,61802,POTATOES RED (BULK & BAG) ORGANIC,"{'variationAttributes': [{'variationType': 'Package Size', 'variationName': '3 lb Bag', 'dqaHelperChecked': False, 'secondaryDqaHelperChecked': False, 'displayFlag': False}]}",PROD_SB,subcommodity_dqa_671a80248d26a628ef13f72a_1733962350,update,tolerance: Modified usdaArrivalTolerance
SCSART-101397,subcommodity_dqa_changestream,2024-12-12 00:12:30 UTC,98151,POTATOES RUSSET (BULK & BAG),"{'variationAttributes': [{'variationType': 'Package Size', 'variationName': '5lb Bag', 'dqaHelperChecked': False, 'secondaryDqaHelperChecked': False, 'displayFlag': False}]}",PROD_SB,subcommodity_dqa_671a80248d26a628ef13f72b_1733962350,update,tolerance: Modified usdaArrivalTolerance
SCSART-101397,subcommodity_dqa_changestream,2024-12-12 00:12:30 UTC,61801,POTATOES RUSSET (BULK & BAG) ORGANIC,"{'variationAttributes': [{'variationType': 'Package Size', 'variationName': 'Bulk', 'dqaHelperChecked': False, 'secondaryDqaHelperChecked': False, 'displayFlag': False}]}",PROD_SB,subcommodity_dqa_671a80248d26a628ef13f72c_1733962350,update,tolerance: Modified usdaArrivalTolerance
SCSART-101397,subcommodity_dqa_changestream,2024-12-12 00:12:30 UTC,98154,POTATOES SWEET & YAMS,"{'variationAttributes': [{'variationType': 'Package Size', 'variationName': '4 Count', 'dqaHelperChecked': False, 'secondaryDqaHelperChecked': False, 'displayFlag': False}]}",PROD_SB,subcommodity_dqa_671a80248d26a628ef13f72d_1733962350,update,tolerance: Modified usdaArrivalTolerance
SCSART-101397,subcommodity_dqa_changestream,2024-12-12 00:12:31 UTC,63206,POTATOES SWEET ORGANIC,"{'variationAttributes': [{'variationType': 'Package Size', 'variationName': 'Bulk', 'dqaHelperChecked': False, 'secondaryDqaHelperChecked': False, 'displayFlag': False}]}",PROD_SB,subcommodity_dqa_671a80248d26a628ef13f72e_1733962351,update,tolerance: Modified usdaArrivalTolerance
SCSART-101397,subcommodity_dqa_changestream,2024-12-12 00:12:31 UTC,98151,POTATOES RUSSET (BULK & BAG),"{'variationAttributes': [{'variationType': 'Package Size', 'variationName': 'Other', 'dqaHelperChecked': False, 'secondaryDqaHelperChecked': False, 'displayFlag': False}]}",PROD_SB,subcommodity_dqa_671a80248d26a628ef13f72f_1733962351,update,tolerance: Modified usdaArrivalTolerance
SCSART-101397,subcommodity_dqa_changestream,2024-12-12 00:12:31 UTC,98151,POTATOES RUSSET (BULK & BAG),"{'variationAttributes': [{'variationType': 'Package Size', 'variationName': '5 lb Idaho Bag', 'dqaHelperChecked': False, 'secondaryDqaHelperChecked': False, 'displayFlag': False}]}",PROD_SB,subcommodity_dqa_671a80248d26a628ef13f730_1733962351,update,tolerance: Modified usdaArrivalTolerance
SCSART-101397,subcommodity_dqa_changestream,2024-12-12 00:12:31 UTC,98154,POTATOES SWEET & YAMS,"{'variationAttributes': [{'variationType': 'Package Size', 'variationName': '3 lb Bag', 'dqaHelperChecked': False, 'secondaryDqaHelperChecked': False, 'displayFlag': False}]}",PROD_SB,subcommodity_dqa_671a80248d26a628ef13f731_1733962351,update,tolerance: Modified usdaArrivalTolerance
SCSART-101397,subcommodity_dqa_changestream,2024-12-12 00:12:31 UTC,98151,POTATOES RUSSET (BULK & BAG),"{'variationAttributes': [{'variationType': 'Package Size', 'variationName': '10 lb Bag', 'dqaHelperChecked': False, 'secondaryDqaHelperChecked': False, 'displayFlag': False}]}",PROD_SB,subcommodity_dqa_671a80248d26a628ef13f732_1733962351,update,tolerance: Modified usdaArrivalTolerance
SCSART-101397,subcommodity_dqa_changestream,2024-12-12 00:12:31 UTC,98151,POTATOES RUSSET (BULK & BAG),"{'variationAttributes': [{'variationType': 'Package Size', 'variationName': 'Jumbo 8 lb Bag', 'dqaHelperChecked': False, 'secondaryDqaHelperChecked': False, 'displayFlag': False}]}",PROD_SB,subcommodity_dqa_671a80248d26a628ef13f733_1733962351,update,tolerance: Modified usdaArrivalTolerance
SCSART-101397,subcommodity_dqa_changestream,2024-12-12 00:12:31 UTC,98151,POTATOES RUSSET (BULK & BAG),"{'variationAttributes': [{'variationType': 'Package Size', 'variationName': 'Microwave', 'dqaHelperChecked': False, 'secondaryDqaHelperChecked': False, 'displayFlag': False}]}",PROD_SB,subcommodity_dqa_671a80248d26a628ef13f734_1733962351,update,tolerance: Modified usdaArrivalTolerance
SCSART-101397,subcommodity_dqa_changestream,2024-12-12 00:12:31 UTC,61802,POTATOES RED (BULK & BAG) ORGANIC,"{'variationAttributes': [{'variationType': 'Package Size', 'variationName': 'Size B', 'dqaHelperChecked': False, 'secondaryDqaHelperChecked': False, 'displayFlag': False}]}",PROD_SB,subcommodity_dqa_671a80248d26a628ef13f735_1733962351,update,tolerance: Modified usdaArrivalTolerance
SCSART-101397,subcommodity_dqa_changestream,2024-12-12 00:12:31 UTC,63206,POTATOES SWEET ORGANIC,"{'variationAttributes': [{'variationType': 'Package Size', 'variationName': 'Other', 'dqaHelperChecked': False, 'secondaryDqaHelperChecked': False, 'displayFlag': False}]}",PROD_SB,subcommodity_dqa_671a80248d26a628ef13f736_1733962351,update,tolerance: Modified usdaArrivalTolerance
SCSART-101397,subcommodity_dqa_changestream,2024-12-12 00:12:31 UTC,98154,POTATOES SWEET & YAMS,"{'variationAttributes': [{'variationType': 'Package Size', 'variationName': 'Bulk', 'dqaHelperChecked': False, 'secondaryDqaHelperChecked': False, 'displayFlag': False}]}",PROD_SB,subcommodity_dqa_671a80248d26a628ef13f737_1733962351,update,tolerance: Modified usdaArrivalTolerance
SCSART-101397,subcommodity_dqa_changestream,2024-12-12 00:12:31 UTC,61701,TOMATOES GRAPE ORGANIC,,PROD_SB,subcommodity_dqa_671a80248d26a628ef13f78b_1733962351,update,tolerance: Modified usdaArrivalTolerance
SCSART-101397,subcommodity_dqa_changestream,2024-12-12 00:12:31 UTC,61702,TOMATOES CHERRY ORGANIC,"{'variationAttributes': [{'variationType': 'Package Size', 'variationName': '10 Oz'}]}",PROD_SB,subcommodity_dqa_671a80248d26a628ef13f78c_1733962351,update,tolerance: Modified usdaArrivalTolerance
SCSART-101397,subcommodity_dqa_changestream,2024-12-12 00:12:32 UTC,61702,TOMATOES CHERRY ORGANIC,"{'variationAttributes': [{'variationType': 'Package Size', 'variationName': '32 Oz'}]}",PROD_SB,subcommodity_dqa_671a80248d26a628ef13f78d_1733962352,update,tolerance: Modified usdaArrivalTolerance
SCSART-101397,subcommodity_dqa_changestream,2024-12-12 00:12:32 UTC,61702,TOMATOES CHERRY ORGANIC,"{'variationAttributes': [{'variationType': 'Package Size', 'variationName': 'Other'}]}",PROD_SB,subcommodity_dqa_671a80248d26a628ef13f78e_1733962352,update,tolerance: Modified usdaArrivalTolerance
SCSART-101397,subcommodity_dqa_changestream,2024-12-12 00:12:32 UTC,61702,TOMATOES CHERRY ORGANIC,"{'variationAttributes': [{'variationType': 'Package Size', 'variationName': '20 Oz'}]}",PROD_SB,subcommodity_dqa_671a80248d26a628ef13f78f_1733962352,update,tolerance: Modified usdaArrivalTolerance
SCSART-101397,subcommodity_dqa_changestream,2024-12-12 00:12:32 UTC,61703,TOMATOES PREMIUM SNACKING,,PROD_SB,subcommodity_dqa_671a80248d26a628ef13f790_1733962352,update,tolerance: Modified usdaArrivalTolerance
SCSART-101397,subcommodity_dqa_changestream,2024-12-12 00:12:32 UTC,61704,TOMATOES RED OTV ORGANIC ,,PROD_SB,subcommodity_dqa_671a80248d26a628ef13f791_1733962352,update,tolerance: Modified usdaArrivalTolerance
SCSART-101397,subcommodity_dqa_changestream,2024-12-12 00:12:32 UTC,98092,TOMATOES FIELD SNACKING,"{'variationAttributes': [{'variationType': 'Package Size', 'variationName': '10 Oz'}]}",PROD_SB,subcommodity_dqa_671a80248d26a628ef13f7a3_1733962352,update,tolerance: Modified usdaArrivalTolerance
SCSART-101397,subcommodity_dqa_changestream,2024-12-12 00:12:32 UTC,98092,TOMATOES FIELD SNACKING,"{'variationAttributes': [{'variationType': 'Package Size', 'variationName': 'Other'}]}",PROD_SB,subcommodity_dqa_671a80248d26a628ef13f7a4_1733962352,update,tolerance: Modified usdaArrivalTolerance
SCSART-101397,subcommodity_dqa_changestream,2024-12-12 00:12:32 UTC,98095,TOMATOES TOV BULK RED,,PROD_SB,subcommodity_dqa_671a80248d26a628ef13f7a5_1733962352,update,tolerance: Modified usdaArrivalTolerance
SCSART-101397,subcommodity_dqa_changestream,2024-12-12 00:12:32 UTC,98182,TOMATOES PACKAGED RED,"{'variationAttributes': [{'variationType': 'Package Size', 'variationName': '4 Count'}]}",PROD_SB,subcommodity_dqa_671a80248d26a628ef13f7a7_1733962352,update,tolerance: Modified usdaArrivalTolerance
SCSART-101397,subcommodity_dqa_changestream,2024-12-12 00:12:32 UTC,98182,TOMATOES PACKAGED RED,"{'variationAttributes': [{'variationType': 'Package Size', 'variationName': '3 Count'}]}",PROD_SB,subcommodity_dqa_671a80248d26a628ef13f7a8_1733962352,update,tolerance: Modified usdaArrivalTolerance
SCSART-101397,subcommodity_dqa_changestream,2024-12-12 00:12:32 UTC,98182,TOMATOES PACKAGED RED,"{'variationAttributes': [{'variationType': 'Package Size', 'variationName': 'Other'}]}",PROD_SB,subcommodity_dqa_671a80248d26a628ef13f7a9_1733962352,update,tolerance: Modified usdaArrivalTolerance
SCSART-101397,subcommodity_dqa_changestream,2024-12-12 00:12:32 UTC,98188,TOMATOES COCKTAIL OR CAMPARI,,PROD_SB,subcommodity_dqa_671a80248d26a628ef13f7aa_1733962352,update,tolerance: Modified usdaArrivalTolerance
SCSART-101397,subcommodity_dqa_changestream,2024-12-12 00:12:33 UTC,61705,TOMATOES ROMA ORGANIC,"{'variationAttributes': [{'variationType': 'Package Size', 'variationName': 'Large'}]}",PROD_SB,subcommodity_dqa_671a80248d26a628ef13f7af_1733962353,update,tolerance: Modified usdaArrivalTolerance
SCSART-101397,subcommodity_dqa_changestream,2024-12-12 00:12:33 UTC,61705,TOMATOES ROMA ORGANIC,"{'variationAttributes': [{'variationType': 'Package Size', 'variationName': 'Extra Large'}]}",PROD_SB,subcommodity_dqa_671a80248d26a628ef13f7b0_1733962353,update,tolerance: Modified usdaArrivalTolerance
SCSART-101397,subcommodity_dqa_changestream,2024-12-12 00:12:33 UTC,61705,TOMATOES ROMA ORGANIC,"{'variationAttributes': [{'variationType': 'Package Size', 'variationName': 'Other'}]}",PROD_SB,subcommodity_dqa_671a80248d26a628ef13f7b1_1733962353,update,tolerance: Modified usdaArrivalTolerance
SCSART-101397,subcommodity_dqa_changestream,2024-12-12 00:12:33 UTC,61709,FIELD TOMATOES BEEFSTEAK,,PROD_SB,subcommodity_dqa_671a80248d26a628ef13f811_1733962353,update,tolerance: Modified usdaArrivalTolerance
SCSART-101397,subcommodity_dqa_changestream,2024-12-12 00:12:33 UTC,98094,TOMATOES ROMA BULK,"{'variationAttributes': [{'variationType': 'Package Size', 'variationName': 'Large'}]}",PROD_SB,subcommodity_dqa_671a80248d26a628ef13f813_1733962353,update,tolerance: Modified usdaArrivalTolerance
SCSART-101397,subcommodity_dqa_changestream,2024-12-12 00:12:33 UTC,98094,TOMATOES ROMA BULK,"{'variationAttributes': [{'variationType': 'Package Size', 'variationName': 'Extra Large'}]}",PROD_SB,subcommodity_dqa_671a80248d26a628ef13f814_1733962353,update,tolerance: Modified usdaArrivalTolerance
SCSART-101397,subcommodity_dqa_changestream,2024-12-12 00:12:33 UTC,98094,TOMATOES ROMA BULK,"{'variationAttributes': [{'variationType': 'Package Size', 'variationName': 'Other'}]}",PROD_SB,subcommodity_dqa_671a80248d26a628ef13f815_1733962353,update,tolerance: Modified usdaArrivalTolerance
SCSART-101397,subcommodity_dqa_changestream,2024-12-12 00:12:33 UTC,98451,POTATOES GOURMET,"{'variationAttributes': [{'variationType': 'Varietal', 'variationName': 'Creamers', 'dqaHelperChecked': False, 'secondaryDqaHelperChecked': False, 'displayFlag': False}]}",PROD_SB,subcommodity_dqa_671a80248d26a628ef13f83d_1733962353,update,tolerance: Modified usdaArrivalTolerance
SCSART-101397,subcommodity_dqa_changestream,2024-12-12 00:12:33 UTC,98451,POTATOES GOURMET,"{'variationAttributes': [{'variationType': 'Varietal', 'variationName': 'PS Gourmet Baby', 'dqaHelperChecked': False, 'secondaryDqaHelperChecked': False, 'displayFlag': False}]}",PROD_SB,subcommodity_dqa_671a80248d26a628ef13f83e_1733962353,update,tolerance: Modified usdaArrivalTolerance
SCSART-101397,subcommodity_dqa_changestream,2024-12-12 00:12:33 UTC,98451,POTATOES GOURMET,"{'variationAttributes': [{'variationType': 'Varietal', 'variationName': 'Microwave', 'dqaHelperChecked': False, 'secondaryDqaHelperChecked': False, 'displayFlag': False}]}",PROD_SB,subcommodity_dqa_671a80248d26a628ef13f83f_1733962353,update,tolerance: Modified usdaArrivalTolerance
SCSART-101397,subcommodity_dqa_changestream,2024-12-12 00:12:34 UTC,98097,POTATOES GOLD (BULK & BAG),"{'variationAttributes': [{'variationType': 'Package Size', 'variationName': '5 lb Bag', 'dqaHelperChecked': False, 'secondaryDqaHelperChecked': False, 'displayFlag': False}]}",PROD_SB,subcommodity_dqa_671a80248d26a628ef13f840_1733962354,update,tolerance: Modified usdaArrivalTolerance
SCSART-101397,subcommodity_dqa_changestream,2024-12-12 00:12:34 UTC,98097,POTATOES GOLD (BULK & BAG),"{'variationAttributes': [{'variationType': 'Package Size', 'variationName': 'Other', 'dqaHelperChecked': False, 'secondaryDqaHelperChecked': False, 'displayFlag': False}]}",PROD_SB,subcommodity_dqa_671a80248d26a628ef13f841_1733962354,update,tolerance: Modified usdaArrivalTolerance
SCSART-101397,subcommodity_dqa_changestream,2024-12-12 00:12:34 UTC,98097,POTATOES GOLD (BULK & BAG),"{'variationAttributes': [{'variationType': 'Package Size', 'variationName': 'Size A', 'dqaHelperChecked': False, 'secondaryDqaHelperChecked': False, 'displayFlag': False}]}",PROD_SB,subcommodity_dqa_671a80248d26a628ef13f842_1733962354,update,tolerance: Modified usdaArrivalTolerance
SCSART-101397,subcommodity_dqa_changestream,2024-12-12 00:12:34 UTC,98097,POTATOES GOLD (BULK & BAG),"{'variationAttributes': [{'variationType': 'Package Size', 'variationName': 'Bulk', 'dqaHelperChecked': False, 'secondaryDqaHelperChecked': False, 'displayFlag': False}]}",PROD_SB,subcommodity_dqa_671a80248d26a628ef13f843_1733962354,update,tolerance: Modified usdaArrivalTolerance
SCSART-101397,subcommodity_dqa_changestream,2024-12-12 00:12:34 UTC,98052,TROPICAL FRUIT - OTHER,"{'variationAttributes': [{'variationType': 'Varietal', 'variationName': 'CACTUS PEAR'}]}",PROD_SB,subcommodity_dqa_671a80248d26a628ef13f878_1733962354,update,tolerance: Modified usdaArrivalTolerance
SCSART-101397,subcommodity_dqa_changestream,2024-12-12 00:12:34 UTC,98052,TROPICAL FRUIT - OTHER,"{'variationAttributes': [{'variationType': 'Varietal', 'variationName': 'COCONUT'}]}",PROD_SB,subcommodity_dqa_671a80248d26a628ef13f879_1733962354,update,tolerance: Modified usdaArrivalTolerance
SCSART-101397,subcommodity_dqa_changestream,2024-12-12 00:12:34 UTC,98052,TROPICAL FRUIT - OTHER,"{'variationAttributes': [{'variationType': 'Varietal', 'variationName': 'DRAGONFRUIT'}]}",PROD_SB,subcommodity_dqa_671a80248d26a628ef13f87c_1733962354,update,tolerance: Modified usdaArrivalTolerance
SCSART-101397,subcommodity_dqa_changestream,2024-12-12 00:12:34 UTC,98113,CELERY,"{'variationAttributes': [{'variationType': 'Count', 'variationName': '30', 'dqaHelperChecked': False, 'secondaryDqaHelperChecked': False, 'displayFlag': False}]}",PROD_SB,subcommodity_dqa_671a80248d26a628ef13f893_1733962354,update,tolerance: Modified usdaArrivalTolerance
SCSART-101397,subcommodity_dqa_changestream,2024-12-12 00:12:34 UTC,98113,CELERY,"{'variationAttributes': [{'variationType': 'Count', 'variationName': '36', 'dqaHelperChecked': False, 'secondaryDqaHelperChecked': False, 'displayFlag': False}]}",PROD_SB,subcommodity_dqa_671a80248d26a628ef13f894_1733962354,update,tolerance: Modified usdaArrivalTolerance
SCSART-101397,subcommodity_dqa_changestream,2024-12-12 00:12:34 UTC,98113,CELERY,"{'variationAttributes': [{'variationType': 'Count', 'variationName': '24', 'dqaHelperChecked': False, 'secondaryDqaHelperChecked': False, 'displayFlag': False}]}",PROD_SB,subcommodity_dqa_671a80248d26a628ef13f895_1733962354,update,tolerance: Modified usdaArrivalTolerance
SCSART-101397,subcommodity_dqa_changestream,2024-12-12 00:12:34 UTC,98113,CELERY,"{'variationAttributes': [{'variationType': 'Count', 'variationName': '48', 'dqaHelperChecked': False, 'secondaryDqaHelperChecked': False, 'displayFlag': False}]}",PROD_SB,subcommodity_dqa_671a80248d26a628ef13f896_1733962354,update,tolerance: Modified usdaArrivalTolerance
SCSART-101397,subcommodity_dqa_changestream,2024-12-12 00:12:34 UTC,98113,CELERY,"{'variationAttributes': [{'variationType': 'Count', 'variationName': 'Celery Hearts', 'dqaHelperChecked': False, 'secondaryDqaHelperChecked': False, 'displayFlag': False}]}",PROD_SB,subcommodity_dqa_671a80248d26a628ef13f897_1733962354,update,tolerance: Modified usdaArrivalTolerance
SCSART-101397,subcommodity_dqa_changestream,2024-12-12 00:12:35 UTC,98113,CELERY,"{'variationAttributes': [{'variationType': 'Count', 'variationName': '18', 'dqaHelperChecked': False, 'secondaryDqaHelperChecked': False, 'displayFlag': False}]}",PROD_SB,subcommodity_dqa_671a80248d26a628ef13f898_1733962355,update,tolerance: Modified usdaArrivalTolerance
SCSART-101397,subcommodity_dqa_changestream,2024-12-12 00:12:35 UTC,59806,CELERY ORGANIC,,PROD_SB,subcommodity_dqa_671a80248d26a628ef13f899_1733962355,update,tolerance: Modified usdaArrivalTolerance
SCSART-101397,subcommodity_dqa_changestream,2024-12-12 00:12:35 UTC,98130,HEAD LETTUCE,"{'variationAttributes': [{'variationType': 'Varietal', 'variationName': 'Iceberg', 'dqaHelperChecked': False, 'secondaryDqaHelperChecked': False, 'displayFlag': False}]}",PROD_SB,subcommodity_dqa_671a80248d26a628ef13f8e6_1733962355,update,tolerance: Modified usdaArrivalTolerance
SCSART-101397,subcommodity_dqa_changestream,2024-12-12 00:12:35 UTC,60804,HEAD LETTUCE ORGANIC,"{'variationAttributes': [{'variationType': 'Varietal', 'variationName': 'Iceberg', 'dqaHelperChecked': False, 'secondaryDqaHelperChecked': False, 'displayFlag': False}]}",PROD_SB,subcommodity_dqa_671a80248d26a628ef13f8e9_1733962355,update,tolerance: Modified usdaArrivalTolerance
SCSART-101397,subcommodity_dqa_changestream,2024-12-12 00:12:35 UTC,98016,BLUEBERRIES,,PROD_SB,subcommodity_dqa_671a80248d26a628ef13f910_1733962355,update,tolerance: Modified usdaArrivalTolerance
SCSART-101397,subcommodity_dqa_changestream,2024-12-12 00:12:35 UTC,60401,BLUEBERRIES ORGANIC,,PROD_SB,subcommodity_dqa_671a80248d26a628ef13f911_1733962355,update,tolerance: Modified usdaArrivalTolerance
SCSART-101397,subcommodity_dqa_changestream,2024-12-12 00:12:35 UTC,98152,POTATOES RED (BULK & BAG),"{'variationAttributes': [{'variationType': 'Package Size', 'variationName': '3 lb Bag', 'dqaHelperChecked': False, 'secondaryDqaHelperChecked': False, 'displayFlag': False}]}",PROD_SB,subcommodity_dqa_671a80248d26a628ef13f95e_1733962355,update,tolerance: Modified usdaArrivalTolerance
SCSART-101397,subcommodity_dqa_changestream,2024-12-12 00:12:35 UTC,98155,POTATOES WHITE (BULK & BAG),"{'variationAttributes': [{'variationType': 'Package Size', 'variationName': 'Size A', 'dqaHelperChecked': False, 'secondaryDqaHelperChecked': False, 'displayFlag': False}]}",PROD_SB,subcommodity_dqa_671a80248d26a628ef13f95f_1733962355,update,tolerance: Modified usdaArrivalTolerance
SCSART-101397,subcommodity_dqa_changestream,2024-12-12 00:12:35 UTC,98155,POTATOES WHITE (BULK & BAG),"{'variationAttributes': [{'variationType': 'Package Size', 'variationName': 'Other', 'dqaHelperChecked': False, 'secondaryDqaHelperChecked': False, 'displayFlag': False}]}",PROD_SB,subcommodity_dqa_671a80248d26a628ef13f960_1733962355,update,tolerance: Modified usdaArrivalTolerance
SCSART-101397,subcommodity_dqa_changestream,2024-12-12 00:12:35 UTC,98152,POTATOES RED (BULK & BAG),"{'variationAttributes': [{'variationType': 'Package Size', 'variationName': 'Other', 'dqaHelperChecked': False, 'secondaryDqaHelperChecked': False, 'displayFlag': False}]}",PROD_SB,subcommodity_dqa_671a80248d26a628ef13f961_1733962355,update,tolerance: Modified usdaArrivalTolerance
SCSART-101397,subcommodity_dqa_changestream,2024-12-12 00:12:35 UTC,98152,POTATOES RED (BULK & BAG),"{'variationAttributes': [{'variationType': 'Package Size', 'variationName': '5 lb Bag', 'dqaHelperChecked': False, 'secondaryDqaHelperChecked': False, 'displayFlag': False}]}",PROD_SB,subcommodity_dqa_671a80248d26a628ef13f962_1733962355,update,tolerance: Modified usdaArrivalTolerance
SCSART-101397,subcommodity_dqa_changestream,2024-12-12 00:12:36 UTC,98152,POTATOES RED (BULK & BAG),"{'variationAttributes': [{'variationType': 'Package Size', 'variationName': 'Size A', 'dqaHelperChecked': False, 'secondaryDqaHelperChecked': False, 'displayFlag': False}]}",PROD_SB,subcommodity_dqa_671a80248d26a628ef13f963_1733962356,update,tolerance: Modified usdaArrivalTolerance
SCSART-101397,subcommodity_dqa_changestream,2024-12-12 00:12:36 UTC,98155,POTATOES WHITE (BULK & BAG),"{'variationAttributes': [{'variationType': 'Package Size', 'variationName': '5 lb Bag', 'dqaHelperChecked': False, 'secondaryDqaHelperChecked': False, 'displayFlag': False}]}",PROD_SB,subcommodity_dqa_671a80248d26a628ef13f964_1733962356,update,tolerance: Modified usdaArrivalTolerance
SCSART-101397,subcommodity_dqa_changestream,2024-12-12 00:12:36 UTC,98155,POTATOES WHITE (BULK & BAG),"{'variationAttributes': [{'variationType': 'Package Size', 'variationName': 'Size B', 'dqaHelperChecked': False, 'secondaryDqaHelperChecked': False, 'displayFlag': False}]}",PROD_SB,subcommodity_dqa_671a80248d26a628ef13f965_1733962356,update,tolerance: Modified usdaArrivalTolerance
SCSART-101397,subcommodity_dqa_changestream,2024-12-12 00:12:36 UTC,98152,POTATOES RED (BULK & BAG),"{'variationAttributes': [{'variationType': 'Package Size', 'variationName': 'Size B', 'dqaHelperChecked': False, 'secondaryDqaHelperChecked': False, 'displayFlag': False}]}",PROD_SB,subcommodity_dqa_671a80248d26a628ef13f966_1733962356,update,tolerance: Modified usdaArrivalTolerance
SCSART-101397,subcommodity_dqa_changestream,2024-12-12 00:12:36 UTC,59901,VEGETABLES COOKING PACKAGED,"{'variationAttributes': [{'variationType': 'Varietal', 'variationName': 'Asparagus Spears', 'dqaHelperChecked': False, 'secondaryVariationType': 'Package Size', 'secondaryVariationName': '10oz', 'secondaryDqaHelperChecked': False, 'displayFlag': False}]}",PROD_SB,subcommodity_dqa_671a80248d26a628ef13f8c3_1733962356,update,tolerance: Modified usdaArrivalTolerance
SCSART-101397,subcommodity_dqa_changestream,2024-12-12 00:12:36 UTC,59901,VEGETABLES COOKING PACKAGED,"{'variationAttributes': [{'variationType': 'Varietal', 'variationName': 'Asparagus Spears', 'dqaHelperChecked': False, 'secondaryVariationType': 'Package Size', 'secondaryVariationName': '1lb', 'secondaryDqaHelperChecked': False, 'displayFlag': False}]}",PROD_SB,subcommodity_dqa_671a80248d26a628ef13f8c4_1733962356,update,tolerance: Modified usdaArrivalTolerance
SCSART-101397,subcommodity_dqa_changestream,2024-12-12 00:13:17 UTC,59808,BEANS ORGANIC,"{'variationAttributes': [{'variationType': 'Varietal', 'variationName': 'Pole', 'dqaHelperChecked': False, 'secondaryDqaHelperChecked': False, 'displayFlag': False}]}",PROD_SB,subcommodity_dqa_671a80248d26a628ef13f739_1733962397,update,tolerance: Modified usdaArrivalTolerance
SCSART-101397,subcommodity_dqa_changestream,2024-12-12 00:13:17 UTC,98121,BEANS,"{'variationAttributes': [{'variationType': 'Varietal', 'variationName': 'Purple Hull', 'dqaHelperChecked': False, 'secondaryDqaHelperChecked': False, 'displayFlag': False}]}",PROD_SB,subcommodity_dqa_671a80248d26a628ef13f73a_1733962397,update,tolerance: Modified usdaArrivalTolerance
SCSART-101397,subcommodity_dqa_changestream,2024-12-12 00:13:17 UTC,98121,BEANS,"{'variationAttributes': [{'variationType': 'Varietal', 'variationName': 'Green or Snap', 'dqaHelperChecked': False, 'secondaryDqaHelperChecked': False, 'displayFlag': False}]}",PROD_SB,subcommodity_dqa_671a80248d26a628ef13f73b_1733962397,update,tolerance: Modified usdaArrivalTolerance
SCSART-101397,subcommodity_dqa_changestream,2024-12-12 00:13:17 UTC,98121,BEANS,"{'variationAttributes': [{'variationType': 'Varietal', 'variationName': 'Wax', 'dqaHelperChecked': False, 'secondaryDqaHelperChecked': False, 'displayFlag': False}]}",PROD_SB,subcommodity_dqa_671a80248d26a628ef13f73d_1733962397,update,tolerance: Modified usdaArrivalTolerance
SCSART-101397,subcommodity_dqa_changestream,2024-12-12 00:13:18 UTC,98121,BEANS,"{'variationAttributes': [{'variationType': 'Varietal', 'variationName': 'Pole', 'dqaHelperChecked': False, 'secondaryDqaHelperChecked': False, 'displayFlag': False}]}",PROD_SB,subcommodity_dqa_671a80248d26a628ef13f740_1733962398,update,tolerance: Modified usdaArrivalTolerance
SCSART-101397,subcommodity_dqa_changestream,2024-12-12 00:13:18 UTC,59808,BEANS ORGANIC,"{'variationAttributes': [{'variationType': 'Varietal', 'variationName': 'Half Runner', 'dqaHelperChecked': False, 'secondaryDqaHelperChecked': False, 'displayFlag': False}]}",PROD_SB,subcommodity_dqa_671a80248d26a628ef13f741_1733962398,update,tolerance: Modified usdaArrivalTolerance
SCSART-101397,subcommodity_dqa_changestream,2024-12-12 00:13:18 UTC,59808,BEANS ORGANIC,"{'variationAttributes': [{'variationType': 'Varietal', 'variationName': 'Wax', 'dqaHelperChecked': False, 'secondaryDqaHelperChecked': False, 'displayFlag': False}]}",PROD_SB,subcommodity_dqa_671a80248d26a628ef13f742_1733962398,update,tolerance: Modified usdaArrivalTolerance
SCSART-101397,subcommodity_dqa_changestream,2024-12-12 00:13:18 UTC,59808,BEANS ORGANIC,"{'variationAttributes': [{'variationType': 'Varietal', 'variationName': 'Green or Snap', 'dqaHelperChecked': False, 'secondaryDqaHelperChecked': False, 'displayFlag': False}]}",PROD_SB,subcommodity_dqa_671a80248d26a628ef13f744_1733962398,update,tolerance: Modified usdaArrivalTolerance
SCSART-101397,subcommodity_dqa_changestream,2024-12-12 00:13:18 UTC,59808,BEANS ORGANIC,"{'variationAttributes': [{'variationType': 'Varietal', 'variationName': 'Purple Hull', 'dqaHelperChecked': False, 'secondaryDqaHelperChecked': False, 'displayFlag': False}]}",PROD_SB,subcommodity_dqa_671a80248d26a628ef13f747_1733962398,update,tolerance: Modified usdaArrivalTolerance
SCSART-101397,subcommodity_dqa_changestream,2024-12-12 00:13:18 UTC,98121,BEANS,"{'variationAttributes': [{'variationType': 'Varietal', 'variationName': 'Half Runner', 'dqaHelperChecked': False, 'secondaryDqaHelperChecked': False, 'displayFlag': False}]}",PROD_SB,subcommodity_dqa_671a80248d26a628ef13f748_1733962398,update,tolerance: Modified usdaArrivalTolerance
SCSART-101397,subcommodity_dqa_changestream,2024-12-12 00:13:18 UTC,98073,MELONS WHOLE OTHER,"{'variationAttributes': [{'variationType': 'Varietal', 'variationName': 'KIWANO'}]}",PROD_SB,subcommodity_dqa_671a80248d26a628ef13f800_1733962398,update,tolerance: Modified usdaArrivalTolerance
SCSART-101397,subcommodity_dqa_changestream,2024-12-12 00:13:18 UTC,98073,MELONS WHOLE OTHER,"{'variationAttributes': [{'variationType': 'Varietal', 'variationName': 'PEPINO'}]}",PROD_SB,subcommodity_dqa_671a80248d26a628ef13f801_1733962398,update,tolerance: Modified usdaArrivalTolerance
SCSART-101397,subcommodity_dqa_changestream,2024-12-12 00:13:18 UTC,98010,TOMATOES OTHERS ORGANIC,,PROD_SB,subcommodity_dqa_671a80248d26a628ef13f812_1733962398,update,tolerance: Modified usdaArrivalTolerance
SCSART-101397,subcommodity_dqa_changestream,2024-12-12 00:13:18 UTC,59901,VEGETABLES COOKING PACKAGED,"{'variationAttributes': [{'variationType': 'Varietal', 'variationName': 'Beets', 'dqaHelperChecked': False, 'secondaryVariationType': 'Package Size', 'secondaryVariationName': 'Clamshell 8.8oz', 'secondaryDqaHelperChecked': False, 'displayFlag': False}]}",PROD_SB,subcommodity_dqa_671a80248d26a628ef13f8c5_1733962398,update,tolerance: Modified usdaArrivalTolerance
SCSART-101397,subcommodity_dqa_changestream,2024-12-12 00:13:18 UTC,59901,VEGETABLES COOKING PACKAGED,"{'variationAttributes': [{'variationType': 'Varietal', 'variationName': 'Cactus', 'dqaHelperChecked': False, 'secondaryVariationType': 'Package Size', 'secondaryVariationName': 'Cactus Whole Leaf 1lb', 'secondaryDqaHelperChecked': False, 'displayFlag': False}]}",PROD_SB,subcommodity_dqa_671a80248d26a628ef13f8cb_1733962398,update,tolerance: Modified usdaArrivalTolerance
SCSART-101397,subcommodity_dqa_changestream,2024-12-12 00:13:19 UTC,59901,VEGETABLES COOKING PACKAGED,"{'variationAttributes': [{'variationType': 'Varietal', 'variationName': 'Cactus', 'dqaHelperChecked': False, 'secondaryVariationType': 'Package Size', 'secondaryVariationName': 'Cactus Leaf Diced 1.5lb', 'secondaryDqaHelperChecked': False, 'displayFlag': False}]}",PROD_SB,subcommodity_dqa_671a80248d26a628ef13f8cc_1733962399,update,tolerance: Modified usdaArrivalTolerance
SCSART-101397,subcommodity_dqa_changestream,2024-12-12 00:13:19 UTC,59901,VEGETABLES COOKING PACKAGED,"{'variationAttributes': [{'variationType': 'Varietal', 'variationName': 'Stir Fry', 'dqaHelperChecked': False, 'secondaryVariationType': 'Package Size', 'secondaryVariationName': 'Stir Fry Teriyaki 9.5oz', 'secondaryDqaHelperChecked': False, 'displayFlag': False}]}",PROD_SB,subcommodity_dqa_671a80248d26a628ef13f8d4_1733962399,update,tolerance: Modified usdaArrivalTolerance
SCSART-101397,subcommodity_dqa_changestream,2024-12-12 00:13:19 UTC,59901,VEGETABLES COOKING PACKAGED,"{'variationAttributes': [{'variationType': 'Varietal', 'variationName': 'Stir Fry', 'dqaHelperChecked': False, 'secondaryVariationType': 'Package Size', 'secondaryVariationName': 'Teriyaki Stir Fry Kit Family Size 17oz', 'secondaryDqaHelperChecked': False, 'displayFlag': False}]}",PROD_SB,subcommodity_dqa_671a80248d26a628ef13f8d5_1733962399,update,tolerance: Modified usdaArrivalTolerance
SCSART-101397,subcommodity_dqa_changestream,2024-12-12 00:13:19 UTC,59901,VEGETABLES COOKING PACKAGED,"{'variationAttributes': [{'variationType': 'Varietal', 'variationName': 'Stir Fry', 'dqaHelperChecked': False, 'secondaryVariationType': 'Package Size', 'secondaryVariationName': 'Stir Fry Ginger Garlic 11oz', 'secondaryDqaHelperChecked': False, 'displayFlag': False}]}",PROD_SB,subcommodity_dqa_671a80248d26a628ef13f8d6_1733962399,update,tolerance: Modified usdaArrivalTolerance
SCSART-101397,subcommodity_dqa_changestream,2024-12-12 00:13:19 UTC,59901,VEGETABLES COOKING PACKAGED,"{'variationAttributes': [{'variationType': 'Varietal', 'variationName': 'Stir Fry', 'dqaHelperChecked': False, 'secondaryVariationType': 'Package Size', 'secondaryVariationName': 'Stir Fry Ginger Garlic Kit Family Size 19oz', 'secondaryDqaHelperChecked': False, 'displayFlag': False}]}",PROD_SB,subcommodity_dqa_671a80248d26a628ef13f8d7_1733962399,update,tolerance: Modified usdaArrivalTolerance
SCSART-101397,subcommodity_dqa_changestream,2024-12-12 00:13:19 UTC,59901,VEGETABLES COOKING PACKAGED,"{'variationAttributes': [{'variationType': 'Varietal', 'variationName': 'Stir Fry', 'dqaHelperChecked': False, 'secondaryVariationType': 'Package Size', 'secondaryVariationName': 'Pad Thai Stir Fry Kit Family Size 19oz', 'secondaryDqaHelperChecked': False, 'displayFlag': False}]}",PROD_SB,subcommodity_dqa_671a80248d26a628ef13f8d8_1733962399,update,tolerance: Modified usdaArrivalTolerance
SCSART-101397,subcommodity_dqa_changestream,2024-12-12 00:13:19 UTC,59901,VEGETABLES COOKING PACKAGED,"{'variationAttributes': [{'variationType': 'Varietal', 'variationName': 'Stir Fry', 'dqaHelperChecked': False, 'secondaryVariationType': 'Package Size', 'secondaryVariationName': 'Teriyaki Noodles Kit 23oz', 'secondaryDqaHelperChecked': False, 'displayFlag': False}]}",PROD_SB,subcommodity_dqa_671a80248d26a628ef13f8d9_1733962399,update,tolerance: Modified usdaArrivalTolerance
SCSART-101397,subcommodity_dqa_changestream,2024-12-12 00:13:19 UTC,59901,VEGETABLES COOKING PACKAGED,"{'variationAttributes': [{'variationType': 'Varietal', 'variationName': 'Sugar Snap Peas', 'dqaHelperChecked': False, 'secondaryVariationType': 'Package Size', 'secondaryVariationName': 'Green Giant 8oz', 'secondaryDqaHelperChecked': False, 'displayFlag': False}]}",PROD_SB,subcommodity_dqa_671a80248d26a628ef13f8da_1733962399,update,tolerance: Modified usdaArrivalTolerance
SCSART-100128,subcommodity_dqa_changestream,2024-12-12 00:14:14 UTC,59901,VEGETABLES COOKING PACKAGED,,PROD_SB,subcommodity_dqa_671a80248d26a628ef13f8bf_1733962454,delete,Document deleted
SCSART-100128,subcommodity_dqa_changestream,2024-12-12 00:14:14 UTC,59901,VEGETABLES COOKING PACKAGED,,PROD_SB,subcommodity_dqa_671a80248d26a628ef13f8c0_1733962454,delete,Document deleted
SCSART-100128,subcommodity_dqa_changestream,2024-12-12 00:14:14 UTC,59901,VEGETABLES COOKING PACKAGED,,PROD_SB,subcommodity_dqa_671a80248d26a628ef13f8c1_1733962454,delete,Document deleted
SCSART-100128,subcommodity_dqa_changestream,2024-12-12 00:15:56 UTC,59901,VEGETABLES COOKING PACKAGED,"{'variationAttributes': [{'variationType': 'Varietal', 'variationName': 'Microwaveable Beans and Carrots', 'dqaHelperChecked': False, 'secondaryVariationType': 'Package Size', 'secondaryVariationName': 'Packaged', 'secondaryDqaHelperChecked': False, 'displayFlag': False}]}",PROD_SB,subcommodity_dqa_675a2b3c64f14368bcea2664_1733962556,insert,New document created
SCSART-100128,subcommodity_dqa_changestream,2024-12-12 00:15:56 UTC,59901,VEGETABLES COOKING PACKAGED,"{'variationAttributes': [{'variationType': 'Varietal', 'variationName': 'Microwaveable Green Beans', 'dqaHelperChecked': False, 'secondaryVariationType': 'Package Size', 'secondaryVariationName': 'Packaged', 'secondaryDqaHelperChecked': False, 'displayFlag': False}]}",PROD_SB,subcommodity_dqa_675a2b3c64f14368bcea2665_1733962556,insert,New document created
SCSART-100128,subcommodity_dqa_changestream,2024-12-12 00:15:56 UTC,59901,VEGETABLES COOKING PACKAGED,"{'variationAttributes': [{'variationType': 'Varietal', 'variationName': 'Private Selection Microwaveable Green Beans', 'dqaHelperChecked': False, 'secondaryVariationType': 'Package Size', 'secondaryVariationName': 'Packaged', 'secondaryDqaHelperChecked': False, 'displayFlag': False}]}",PROD_SB,subcommodity_dqa_675a2b3c64f14368bcea2666_1733962556,insert,New document created
SCSART-101399,subcommodity_dqa_changestream,2024-12-12 00:17:08 UTC,98073,MELONS WHOLE OTHER,"{'variationAttributes': [{'variationType': 'Varietal', 'variationName': 'Other'}]}",PROD_SB,subcommodity_dqa_671a80248d26a628ef13f802_1733962628,update,spec: Removed 
SCSART-101399,subcommodity_dqa_changestream,2024-12-12 00:17:08 UTC,66128,FRUIT SNACKS REFRIGERATED ALL OTHER,,PROD_SB,subcommodity_dqa_671a80248d26a628ef13f808_1733962628,update,spec: Removed 
SCSART-101399,subcommodity_dqa_changestream,2024-12-12 00:17:08 UTC,98136,MUSHROOMS OTHERS ORGANIC,,PROD_SB,subcommodity_dqa_671a80248d26a628ef13f80f_1733962628,update,spec: Removed 
SCSART-101399,subcommodity_dqa_changestream,2024-12-12 00:17:08 UTC,66121,JUICE FRUIT AND VEGETABLE BLENDS (OVER 50% JUICE),,PROD_SB,subcommodity_dqa_671a80248d26a628ef13f817_1733962628,update,spec: Removed 
SCSART-101399,subcommodity_dqa_changestream,2024-12-12 00:17:08 UTC,66122,JUICE FRUIT AND VEGETABLE BLENDS ENHANCED (OVER 50% JUICE),,PROD_SB,subcommodity_dqa_671a80248d26a628ef13f818_1733962628,update,spec: Removed 
SCSART-101399,subcommodity_dqa_changestream,2024-12-12 00:17:08 UTC,66125,JUICE FRUIT AND VEGETABLE BLENDS ENHANCED ORGANIC (OVER 50% JUICE),,PROD_SB,subcommodity_dqa_671a80248d26a628ef13f819_1733962628,update,spec: Removed 
SCSART-101399,subcommodity_dqa_changestream,2024-12-12 00:17:08 UTC,66123,JUICE FRUIT OR VEGETABLE 100% ORGANIC (OVER 50% JUICE),,PROD_SB,subcommodity_dqa_671a80248d26a628ef13f81a_1733962628,update,spec: Removed 
SCSART-101399,subcommodity_dqa_changestream,2024-12-12 00:17:08 UTC,66124,JUICE FRUIT AND VEGETABLE BLENDS ORGANIC (OVER 50% JUICE),,PROD_SB,subcommodity_dqa_671a80248d26a628ef13f81b_1733962628,update,spec: Removed 
SCSART-101399,subcommodity_dqa_changestream,2024-12-12 00:17:08 UTC,98071,PEPPERS ALL OTHER,,PROD_SB,subcommodity_dqa_671a80248d26a628ef13f8e1_1733962628,update,spec: Removed 
SCSART-101399,subcommodity_dqa_changestream,2024-12-12 00:17:08 UTC,98077,PEPPERS OTHER BELL,,PROD_SB,subcommodity_dqa_671a80248d26a628ef13f8e2_1733962628,update,spec: Removed 
SCSART-101399,subcommodity_dqa_changestream,2024-12-12 00:17:08 UTC,61503,PEPPERS OTHER BELL ORGANIC,,PROD_SB,subcommodity_dqa_671a80248d26a628ef13f8e3_1733962628,update,spec: Removed 
SCSART-101212,subcommodity_dqa_changestream,2024-12-12 00:17:42 UTC,61706,TOMATOES RED HOTHOUSE ORGANIC,"{'variationAttributes': [{'variationType': 'Package Size', 'variationName': 'Bulk', 'dqaHelperChecked': False, 'secondaryDqaHelperChecked': False, 'displayFlag': False}]}",PROD_SB,subcommodity_dqa_671a80248d26a628ef13f792_1733962662,update,defectScoringGuide: Modified list
SCSART-101212,subcommodity_dqa_changestream,2024-12-12 00:17:42 UTC,61706,TOMATOES RED HOTHOUSE ORGANIC,"{'variationAttributes': [{'variationType': 'Package Size', 'variationName': 'Other', 'dqaHelperChecked': False, 'secondaryDqaHelperChecked': False, 'displayFlag': False}]}",PROD_SB,subcommodity_dqa_671a80248d26a628ef13f793_1733962662,update,defectScoringGuide: Modified list
SCSART-101212,subcommodity_dqa_changestream,2024-12-12 00:17:42 UTC,61706,TOMATOES RED HOTHOUSE ORGANIC,"{'variationAttributes': [{'variationType': 'Package Size', 'variationName': '2 Pack', 'dqaHelperChecked': False, 'secondaryDqaHelperChecked': False, 'displayFlag': False}]}",PROD_SB,subcommodity_dqa_671a80248d26a628ef13f794_1733962662,update,defectScoringGuide: Modified list
SCSART-101212,subcommodity_dqa_changestream,2024-12-12 00:17:42 UTC,98180,TOMATOES COLORED LARGE,,PROD_SB,subcommodity_dqa_671a80248d26a628ef13f7a6_1733962662,update,defectScoringGuide: Modified list
SCSART-101212,subcommodity_dqa_changestream,2024-12-12 00:17:42 UTC,61708,HOTHOUSE TOMATOES BEEFSTEAK,,PROD_SB,subcommodity_dqa_671a80248d26a628ef13f810_1733962662,update,defectScoringGuide: Modified list
SCSART-101212,subcommodity_dqa_changestream,2024-12-12 00:17:42 UTC,61709,FIELD TOMATOES BEEFSTEAK,,PROD_SB,subcommodity_dqa_671a80248d26a628ef13f811_1733962662,update,defectScoringGuide: Modified list
SCSART-101212,subcommodity_dqa_changestream,2024-12-12 00:17:42 UTC,98002,Grapefruit,"{'variationAttributes': [{'variationType': 'Origin', 'variationName': 'California', 'dqaHelperChecked': False, 'secondaryVariationType': 'Package Size', 'secondaryVariationName': '5 lb Bag', 'secondaryDqaHelperChecked': False, 'displayFlag': False}]}",PROD_SB,subcommodity_dqa_671a80248d26a628ef13f946_1733962662,update,defectScoringGuide: Modified list
SCSART-101212,subcommodity_dqa_changestream,2024-12-12 00:17:42 UTC,98002,Grapefruit,"{'variationAttributes': [{'variationType': 'Origin', 'variationName': 'FLORIDA', 'dqaHelperChecked': False, 'secondaryVariationType': 'Package Size', 'secondaryVariationName': '5 lb Bag', 'secondaryDqaHelperChecked': False, 'displayFlag': False}]}",PROD_SB,subcommodity_dqa_671a80248d26a628ef13f947_1733962662,update,defectScoringGuide: Modified list
SCSART-101212,subcommodity_dqa_changestream,2024-12-12 00:17:42 UTC,98002,Grapefruit,"{'variationAttributes': [{'variationType': 'Origin', 'variationName': 'Texas', 'dqaHelperChecked': False, 'secondaryVariationType': 'Package Size', 'secondaryVariationName': '5 lb Bag', 'secondaryDqaHelperChecked': False, 'displayFlag': False}]}",PROD_SB,subcommodity_dqa_671a80248d26a628ef13f948_1733962662,update,defectScoringGuide: Modified list
SCSART-101212,subcommodity_dqa_changestream,2024-12-12 00:17:42 UTC,98002,Grapefruit,"{'variationAttributes': [{'variationType': 'Origin', 'variationName': 'Arizona', 'dqaHelperChecked': False, 'secondaryVariationType': 'Package Size', 'secondaryVariationName': '5 lb Bag', 'secondaryDqaHelperChecked': False, 'displayFlag': False}]}",PROD_SB,subcommodity_dqa_671a80248d26a628ef13f949_1733962662,update,defectScoringGuide: Modified list
SCSART-101212,subcommodity_dqa_changestream,2024-12-12 00:17:42 UTC,98002,Grapefruit,"{'variationAttributes': [{'variationType': 'Origin', 'variationName': 'Arizona', 'dqaHelperChecked': False, 'secondaryVariationType': 'Package Size', 'secondaryVariationName': 'Other', 'secondaryDqaHelperChecked': False, 'displayFlag': False}]}",PROD_SB,subcommodity_dqa_671a80248d26a628ef13f94a_1733962662,update,defectScoringGuide: Modified list
SCSART-101212,subcommodity_dqa_changestream,2024-12-12 00:17:42 UTC,98002,Grapefruit,"{'variationAttributes': [{'variationType': 'Origin', 'variationName': 'Texas', 'dqaHelperChecked': False, 'secondaryVariationType': 'Package Size', 'secondaryVariationName': 'Other', 'secondaryDqaHelperChecked': False, 'displayFlag': False}]}",PROD_SB,subcommodity_dqa_671a80248d26a628ef13f94b_1733962662,update,defectScoringGuide: Modified list
SCSART-101212,subcommodity_dqa_changestream,2024-12-12 00:17:42 UTC,98002,Grapefruit,"{'variationAttributes': [{'variationType': 'Origin', 'variationName': 'FLORIDA', 'dqaHelperChecked': False, 'secondaryVariationType': 'Package Size', 'secondaryVariationName': 'Other', 'secondaryDqaHelperChecked': False, 'displayFlag': False}]}",PROD_SB,subcommodity_dqa_671a80248d26a628ef13f94c_1733962662,update,defectScoringGuide: Modified list
SCSART-101212,subcommodity_dqa_changestream,2024-12-12 00:17:42 UTC,98002,Grapefruit,"{'variationAttributes': [{'variationType': 'Origin', 'variationName': 'California', 'dqaHelperChecked': False, 'secondaryVariationType': 'Package Size', 'secondaryVariationName': 'Other', 'secondaryDqaHelperChecked': False, 'displayFlag': False}]}",PROD_SB,subcommodity_dqa_671a80248d26a628ef13f94d_1733962662,update,defectScoringGuide: Modified list
SCSART-101212,subcommodity_dqa_changestream,2024-12-12 00:17:42 UTC,98002,Grapefruit,"{'variationAttributes': [{'variationType': 'Origin', 'variationName': 'Arizona', 'dqaHelperChecked': False, 'secondaryVariationType': 'Package Size', 'secondaryVariationName': 'Bulk', 'secondaryDqaHelperChecked': False, 'displayFlag': False}]}",PROD_SB,subcommodity_dqa_671a80248d26a628ef13f94e_1733962662,update,defectScoringGuide: Modified list
SCSART-101212,subcommodity_dqa_changestream,2024-12-12 00:17:42 UTC,98002,Grapefruit,"{'variationAttributes': [{'variationType': 'Origin', 'variationName': 'California', 'dqaHelperChecked': False, 'secondaryVariationType': 'Package Size', 'secondaryVariationName': 'Bulk', 'secondaryDqaHelperChecked': False, 'displayFlag': False}]}",PROD_SB,subcommodity_dqa_671a80248d26a628ef13f94f_1733962662,update,defectScoringGuide: Modified list
SCSART-101212,subcommodity_dqa_changestream,2024-12-12 00:17:42 UTC,98002,Grapefruit,"{'variationAttributes': [{'variationType': 'Origin', 'variationName': 'FLORIDA', 'dqaHelperChecked': False, 'secondaryVariationType': 'Package Size', 'secondaryVariationName': 'Bulk', 'secondaryDqaHelperChecked': False, 'displayFlag': False}]}",PROD_SB,subcommodity_dqa_671a80248d26a628ef13f950_1733962662,update,defectScoringGuide: Modified list
SCSART-101212,subcommodity_dqa_changestream,2024-12-12 00:17:42 UTC,98002,Grapefruit,"{'variationAttributes': [{'variationType': 'Origin', 'variationName': 'Texas', 'dqaHelperChecked': False, 'secondaryVariationType': 'Package Size', 'secondaryVariationName': 'Bulk', 'secondaryDqaHelperChecked': False, 'displayFlag': False}]}",PROD_SB,subcommodity_dqa_671a80248d26a628ef13f951_1733962662,update,defectScoringGuide: Modified list
SCSART-101212,subcommodity_dqa_changestream,2024-12-12 00:17:42 UTC,60210,GRAPEFRUIT ORGANIC,"{'variationAttributes': [{'variationType': 'Origin', 'variationName': 'FLORIDA', 'dqaHelperChecked': False, 'secondaryVariationType': 'Package Size', 'secondaryVariationName': 'Other', 'secondaryDqaHelperChecked': False, 'displayFlag': False}]}",PROD_SB,subcommodity_dqa_671a80248d26a628ef13f952_1733962662,update,defectScoringGuide: Modified list
SCSART-101212,subcommodity_dqa_changestream,2024-12-12 00:17:42 UTC,60210,GRAPEFRUIT ORGANIC,"{'variationAttributes': [{'variationType': 'Origin', 'variationName': 'TEXAS', 'dqaHelperChecked': False, 'secondaryVariationType': 'Package Size', 'secondaryVariationName': 'Other', 'secondaryDqaHelperChecked': False, 'displayFlag': False}]}",PROD_SB,subcommodity_dqa_671a80248d26a628ef13f953_1733962662,update,defectScoringGuide: Modified list
SCSART-101212,subcommodity_dqa_changestream,2024-12-12 00:17:42 UTC,60210,GRAPEFRUIT ORGANIC,"{'variationAttributes': [{'variationType': 'Origin', 'variationName': 'California', 'dqaHelperChecked': False, 'secondaryVariationType': 'Package Size', 'secondaryVariationName': 'Other', 'secondaryDqaHelperChecked': False, 'displayFlag': False}]}",PROD_SB,subcommodity_dqa_671a80248d26a628ef13f954_1733962662,update,defectScoringGuide: Modified list
SCSART-101212,subcommodity_dqa_changestream,2024-12-12 00:17:42 UTC,60210,GRAPEFRUIT ORGANIC,"{'variationAttributes': [{'variationType': 'Origin', 'variationName': 'Arizona', 'dqaHelperChecked': False, 'secondaryVariationType': 'Package Size', 'secondaryVariationName': 'Other', 'secondaryDqaHelperChecked': False, 'displayFlag': False}]}",PROD_SB,subcommodity_dqa_671a80248d26a628ef13f955_1733962662,update,defectScoringGuide: Modified list
SCSART-101212,subcommodity_dqa_changestream,2024-12-12 00:17:42 UTC,60210,GRAPEFRUIT ORGANIC,"{'variationAttributes': [{'variationType': 'Origin', 'variationName': 'FLORIDA', 'dqaHelperChecked': False, 'secondaryVariationType': 'Package Size', 'secondaryVariationName': 'Bulk', 'secondaryDqaHelperChecked': False, 'displayFlag': False}]}",PROD_SB,subcommodity_dqa_671a80248d26a628ef13f956_1733962662,update,defectScoringGuide: Modified list
SCSART-101212,subcommodity_dqa_changestream,2024-12-12 00:17:42 UTC,60210,GRAPEFRUIT ORGANIC,"{'variationAttributes': [{'variationType': 'Origin', 'variationName': 'TEXAS', 'dqaHelperChecked': False, 'secondaryVariationType': 'Package Size', 'secondaryVariationName': 'Bulk', 'secondaryDqaHelperChecked': False, 'displayFlag': False}]}",PROD_SB,subcommodity_dqa_671a80248d26a628ef13f957_1733962662,update,defectScoringGuide: Modified list
SCSART-101212,subcommodity_dqa_changestream,2024-12-12 00:17:42 UTC,60210,GRAPEFRUIT ORGANIC,"{'variationAttributes': [{'variationType': 'Origin', 'variationName': 'California', 'dqaHelperChecked': False, 'secondaryVariationType': 'Package Size', 'secondaryVariationName': 'Bulk', 'secondaryDqaHelperChecked': False, 'displayFlag': False}]}",PROD_SB,subcommodity_dqa_671a80248d26a628ef13f958_1733962662,update,defectScoringGuide: Modified list
SCSART-101212,subcommodity_dqa_changestream,2024-12-12 00:17:42 UTC,60210,GRAPEFRUIT ORGANIC,"{'variationAttributes': [{'variationType': 'Origin', 'variationName': 'Arizona', 'dqaHelperChecked': False, 'secondaryVariationType': 'Package Size', 'secondaryVariationName': 'Bulk', 'secondaryDqaHelperChecked': False, 'displayFlag': False}]}",PROD_SB,subcommodity_dqa_671a80248d26a628ef13f959_1733962662,update,defectScoringGuide: Modified list
SCSART-101212,subcommodity_dqa_changestream,2024-12-12 00:17:42 UTC,60210,GRAPEFRUIT ORGANIC,"{'variationAttributes': [{'variationType': 'Origin', 'variationName': 'TEXAS', 'dqaHelperChecked': False, 'secondaryVariationType': 'Package Size', 'secondaryVariationName': '5 lb Bag', 'secondaryDqaHelperChecked': False, 'displayFlag': False}]}",PROD_SB,subcommodity_dqa_671a80248d26a628ef13f95a_1733962662,update,defectScoringGuide: Modified list
SCSART-101212,subcommodity_dqa_changestream,2024-12-12 00:17:42 UTC,60210,GRAPEFRUIT ORGANIC,"{'variationAttributes': [{'variationType': 'Origin', 'variationName': 'FLORIDA', 'dqaHelperChecked': False, 'secondaryVariationType': 'Package Size', 'secondaryVariationName': '5 lb Bag', 'secondaryDqaHelperChecked': False, 'displayFlag': False}]}",PROD_SB,subcommodity_dqa_671a80248d26a628ef13f95b_1733962662,update,defectScoringGuide: Modified list
SCSART-101212,subcommodity_dqa_changestream,2024-12-12 00:17:42 UTC,60210,GRAPEFRUIT ORGANIC,"{'variationAttributes': [{'variationType': 'Origin', 'variationName': 'Arizona', 'dqaHelperChecked': False, 'secondaryVariationType': 'Package Size', 'secondaryVariationName': '5 lb Bag', 'secondaryDqaHelperChecked': False, 'displayFlag': False}]}",PROD_SB,subcommodity_dqa_671a80248d26a628ef13f95c_1733962662,update,defectScoringGuide: Modified list
SCSART-101212,subcommodity_dqa_changestream,2024-12-12 00:17:42 UTC,60210,GRAPEFRUIT ORGANIC,"{'variationAttributes': [{'variationType': 'Origin', 'variationName': 'California', 'dqaHelperChecked': False, 'secondaryVariationType': 'Package Size', 'secondaryVariationName': '5 lb Bag', 'secondaryDqaHelperChecked': False, 'displayFlag': False}]}",PROD_SB,subcommodity_dqa_671a80248d26a628ef13f95d_1733962662,update,defectScoringGuide: Modified list
SCSART-101212,subcommodity_dqa_changestream,2024-12-12 00:17:42 UTC,98002,Grapefruit,"{'variationAttributes': [{'variationType': 'Origin', 'variationName': 'Pummelo', 'dqaHelperChecked': False, 'secondaryVariationType': 'Package Size', 'secondaryVariationName': 'Bulk', 'secondaryDqaHelperChecked': False, 'displayFlag': False}]}",PROD_SB,subcommodity_dqa_671ffa214ef8dc5639274f81_1733962662,update,defectScoringGuide: Modified list
SMOKE_TEST,subcommodity_dqa_changestream,2024-12-12 00:39:12 UTC,11111,Nayana1,,PROD_SB,subcommodity_dqa_675a30b08f236416119f39cd_1733963952,insert,New document created
SMOKE_TEST,subcommodity_dqa_changestream,2024-12-12 00:39:27 UTC,11111,Nayana1,,PROD_SB,subcommodity_dqa_675a30b08f236416119f39cd_1733963967,delete,Document deleted
SMOKE_TEST,subcommodity_dqa_changestream,2024-12-12 00:39:31 UTC,59901,VEGETABLES COOKING PACKAGED,"{'variationAttributes': [{'variationType': 'Varietal', 'variationName': 'Other', 'dqaHelperChecked': False, 'secondaryVariationType': 'Package Size', 'secondaryVariationName': 'Other', 'secondaryDqaHelperChecked': False, 'displayFlag': False}]}",PROD_SB,subcommodity_dqa_671a80248d26a628ef13f8c2_1733963971,replace,"spec: Modified smartSamples, Modified basicSpecifications, Modified unitOfMeasure | defectScoringGuide: Added dqaHelperText, Added dqaHelperChecked"
SMOKE_TEST,subcommodity_dqa_changestream,2024-12-12 00:39:31 UTC,59901,VEGETABLES COOKING PACKAGED,"{'variationAttributes': [{'variationType': 'Varietal', 'variationName': 'Asparagus Spears', 'dqaHelperChecked': False, 'secondaryVariationType': 'Package Size', 'secondaryVariationName': '10oz', 'secondaryDqaHelperChecked': False, 'displayFlag': False}]}",PROD_SB,subcommodity_dqa_671a80248d26a628ef13f8c3_1733963971,replace,"spec: Modified smartSamples, Modified guidelines, Modified basicSpecifications, Modified packaging, Modified quality, Modified unitOfMeasure | tolerance: Modified usdaArrivalTolerance | defectScoringGuide: Added dqaHelperText, Added dqaHelperChecked, Modified list"
SMOKE_TEST,subcommodity_dqa_changestream,2024-12-12 00:39:31 UTC,59901,VEGETABLES COOKING PACKAGED,"{'variationAttributes': [{'variationType': 'Varietal', 'variationName': 'Asparagus Spears', 'dqaHelperChecked': False, 'secondaryVariationType': 'Package Size', 'secondaryVariationName': '1lb', 'secondaryDqaHelperChecked': False, 'displayFlag': False}]}",PROD_SB,subcommodity_dqa_671a80248d26a628ef13f8c4_1733963971,replace,"spec: Modified smartSamples, Modified guidelines, Modified basicSpecifications, Modified packaging, Modified quality, Modified unitOfMeasure | tolerance: Modified usdaArrivalTolerance | defectScoringGuide: Added dqaHelperText, Added dqaHelperChecked, Modified list"
SMOKE_TEST,subcommodity_dqa_changestream,2024-12-12 00:39:31 UTC,59901,VEGETABLES COOKING PACKAGED,"{'variationAttributes': [{'variationType': 'Varietal', 'variationName': 'Beets', 'dqaHelperChecked': False, 'secondaryVariationType': 'Package Size', 'secondaryVariationName': 'Clamshell 8.8oz', 'secondaryDqaHelperChecked': False, 'displayFlag': False}]}",PROD_SB,subcommodity_dqa_671a80248d26a628ef13f8c5_1733963971,replace,"spec: Modified smartSamples, Modified guidelines, Modified packaging, Modified unitOfMeasure | tolerance: Modified usdaArrivalTolerance | defectScoringGuide: Added dqaHelperText, Added dqaHelperChecked, Modified list"
SMOKE_TEST,subcommodity_dqa_changestream,2024-12-12 00:39:31 UTC,59901,VEGETABLES COOKING PACKAGED,"{'variationAttributes': [{'variationType': 'Varietal', 'variationName': 'Broccoli Slaw', 'dqaHelperChecked': False, 'secondaryVariationType': 'Package Size', 'secondaryVariationName': '12oz', 'secondaryDqaHelperChecked': False, 'displayFlag': False}]}",PROD_SB,subcommodity_dqa_671a80248d26a628ef13f8c6_1733963971,replace,"spec: Modified smartSamples, Modified guidelines, Modified packaging, Modified quality, Modified unitOfMeasure | tolerance: Modified usdaArrivalTolerance | defectScoringGuide: Added dqaHelperText, Added dqaHelperChecked, Modified list"
SMOKE_TEST,subcommodity_dqa_changestream,2024-12-12 00:39:31 UTC,59901,VEGETABLES COOKING PACKAGED,"{'variationAttributes': [{'variationType': 'Varietal', 'variationName': 'Brussel Sprouts', 'dqaHelperChecked': False, 'secondaryVariationType': 'Package Size', 'secondaryVariationName': '12oz', 'secondaryDqaHelperChecked': False, 'displayFlag': False}]}",PROD_SB,subcommodity_dqa_671a80248d26a628ef13f8c7_1733963971,replace,"spec: Modified smartSamples, Modified guidelines, Modified packaging, Modified quality, Modified unitOfMeasure | tolerance: Modified usdaArrivalTolerance | defectScoringGuide: Added dqaHelperText, Added dqaHelperChecked, Modified list"
SMOKE_TEST,subcommodity_dqa_changestream,2024-12-12 00:39:31 UTC,59901,VEGETABLES COOKING PACKAGED,"{'variationAttributes': [{'variationType': 'Varietal', 'variationName': 'Green Beans', 'dqaHelperChecked': False, 'secondaryVariationType': 'Package Size', 'secondaryVariationName': '12oz', 'secondaryDqaHelperChecked': False, 'displayFlag': False}]}",PROD_SB,subcommodity_dqa_671a80248d26a628ef13f8c8_1733963971,replace,"spec: Modified smartSamples, Modified guidelines, Modified basicSpecifications, Modified packaging, Modified quality, Modified unitOfMeasure | tolerance: Modified usdaArrivalTolerance | defectScoringGuide: Added dqaHelperText, Added dqaHelperChecked, Modified list"
SMOKE_TEST,subcommodity_dqa_changestream,2024-12-12 00:39:31 UTC,59901,VEGETABLES COOKING PACKAGED,"{'variationAttributes': [{'variationType': 'Varietal', 'variationName': 'Brussel Sprouts', 'dqaHelperChecked': False, 'secondaryVariationType': 'Package Size', 'secondaryVariationName': '24oz', 'secondaryDqaHelperChecked': False, 'displayFlag': False}]}",PROD_SB,subcommodity_dqa_671a80248d26a628ef13f8c9_1733963971,replace,"spec: Modified smartSamples, Modified guidelines, Modified packaging, Modified quality, Modified unitOfMeasure | tolerance: Modified usdaArrivalTolerance | defectScoringGuide: Added dqaHelperText, Added dqaHelperChecked, Modified list"
SMOKE_TEST,subcommodity_dqa_changestream,2024-12-12 00:39:31 UTC,59901,VEGETABLES COOKING PACKAGED,"{'variationAttributes': [{'variationType': 'Varietal', 'variationName': 'Brussel Sprouts', 'dqaHelperChecked': False, 'secondaryVariationType': 'Package Size', 'secondaryVariationName': '9oz', 'secondaryDqaHelperChecked': False, 'displayFlag': False}]}",PROD_SB,subcommodity_dqa_671a80248d26a628ef13f8ca_1733963971,replace,"spec: Modified smartSamples, Modified guidelines, Modified packaging, Modified quality, Modified unitOfMeasure | tolerance: Modified usdaArrivalTolerance | defectScoringGuide: Added dqaHelperText, Added dqaHelperChecked, Modified list"
SMOKE_TEST,subcommodity_dqa_changestream,2024-12-12 00:39:31 UTC,59901,VEGETABLES COOKING PACKAGED,"{'variationAttributes': [{'variationType': 'Varietal', 'variationName': 'Cactus', 'dqaHelperChecked': False, 'secondaryVariationType': 'Package Size', 'secondaryVariationName': 'Cactus Whole Leaf 1lb', 'secondaryDqaHelperChecked': False, 'displayFlag': False}]}",PROD_SB,subcommodity_dqa_671a80248d26a628ef13f8cb_1733963971,replace,"spec: Modified smartSamples, Modified guidelines, Modified packaging, Modified unitOfMeasure | tolerance: Modified usdaArrivalTolerance | defectScoringGuide: Added dqaHelperText, Added dqaHelperChecked, Modified list"
SMOKE_TEST,subcommodity_dqa_changestream,2024-12-12 00:39:31 UTC,59901,VEGETABLES COOKING PACKAGED,"{'variationAttributes': [{'variationType': 'Varietal', 'variationName': 'Cactus', 'dqaHelperChecked': False, 'secondaryVariationType': 'Package Size', 'secondaryVariationName': 'Cactus Leaf Diced 1.5lb', 'secondaryDqaHelperChecked': False, 'displayFlag': False}]}",PROD_SB,subcommodity_dqa_671a80248d26a628ef13f8cc_1733963971,replace,"spec: Modified smartSamples, Modified guidelines, Modified packaging, Modified unitOfMeasure | tolerance: Modified usdaArrivalTolerance | defectScoringGuide: Added dqaHelperText, Added dqaHelperChecked, Modified list"
SMOKE_TEST,subcommodity_dqa_changestream,2024-12-12 00:39:31 UTC,59901,VEGETABLES COOKING PACKAGED,"{'variationAttributes': [{'variationType': 'Varietal', 'variationName': 'Cauliflower', 'dqaHelperChecked': False, 'secondaryVariationType': 'Package Size', 'secondaryVariationName': 'Cauliflower Pearls 16oz', 'secondaryDqaHelperChecked': False, 'displayFlag': False}]}",PROD_SB,subcommodity_dqa_671a80248d26a628ef13f8cd_1733963971,replace,"spec: Modified smartSamples, Modified guidelines, Modified basicSpecifications, Modified packaging, Modified quality, Modified unitOfMeasure | tolerance: Modified usdaArrivalTolerance | defectScoringGuide: Added dqaHelperText, Added dqaHelperChecked, Modified list"
SMOKE_TEST,subcommodity_dqa_changestream,2024-12-12 00:39:31 UTC,59901,VEGETABLES COOKING PACKAGED,"{'variationAttributes': [{'variationType': 'Varietal', 'variationName': 'Green Beans', 'dqaHelperChecked': False, 'secondaryVariationType': 'Package Size', 'secondaryVariationName': '32oz', 'secondaryDqaHelperChecked': False, 'displayFlag': False}]}",PROD_SB,subcommodity_dqa_671a80248d26a628ef13f8ce_1733963971,replace,"spec: Modified smartSamples, Modified guidelines, Modified basicSpecifications, Modified packaging, Modified quality, Modified unitOfMeasure | tolerance: Modified usdaArrivalTolerance | defectScoringGuide: Added dqaHelperText, Added dqaHelperChecked, Modified list"
SMOKE_TEST,subcommodity_dqa_changestream,2024-12-12 00:39:31 UTC,59901,VEGETABLES COOKING PACKAGED,"{'variationAttributes': [{'variationType': 'Varietal', 'variationName': 'Vegetable Medley', 'dqaHelperChecked': False, 'secondaryVariationType': 'Package Size', 'secondaryVariationName': '32oz', 'secondaryDqaHelperChecked': False, 'displayFlag': False}]}",PROD_SB,subcommodity_dqa_671a80248d26a628ef13f8cf_1733963971,replace,"spec: Modified smartSamples, Modified guidelines, Modified basicSpecifications, Modified packaging, Modified quality, Modified unitOfMeasure | tolerance: Modified usdaArrivalTolerance | defectScoringGuide: Added dqaHelperText, Added dqaHelperChecked, Modified list"
SMOKE_TEST,subcommodity_dqa_changestream,2024-12-12 00:39:31 UTC,59901,VEGETABLES COOKING PACKAGED,"{'variationAttributes': [{'variationType': 'Varietal', 'variationName': 'Green Beans', 'dqaHelperChecked': False, 'secondaryVariationType': 'Package Size', 'secondaryVariationName': 'French 16oz', 'secondaryDqaHelperChecked': False, 'displayFlag': False}]}",PROD_SB,subcommodity_dqa_671a80248d26a628ef13f8d0_1733963971,replace,"spec: Modified smartSamples, Modified guidelines, Modified packaging, Modified quality, Modified unitOfMeasure | tolerance: Modified usdaArrivalTolerance | defectScoringGuide: Added dqaHelperText, Added dqaHelperChecked, Modified list"
SMOKE_TEST,subcommodity_dqa_changestream,2024-12-12 00:39:31 UTC,59901,VEGETABLES COOKING PACKAGED,"{'variationAttributes': [{'variationType': 'Varietal', 'variationName': 'Peas', 'dqaHelperChecked': False, 'secondaryVariationType': 'Package Size', 'secondaryVariationName': 'English Microwaveable Bag 8oz', 'secondaryDqaHelperChecked': False, 'displayFlag': False}]}",PROD_SB,subcommodity_dqa_671a80248d26a628ef13f8d1_1733963971,replace,"spec: Modified smartSamples, Modified guidelines, Modified basicSpecifications, Modified packaging, Modified quality, Modified unitOfMeasure | tolerance: Modified usdaArrivalTolerance | defectScoringGuide: Added dqaHelperText, Added dqaHelperChecked, Modified list"
SMOKE_TEST,subcommodity_dqa_changestream,2024-12-12 00:39:31 UTC,59901,VEGETABLES COOKING PACKAGED,"{'variationAttributes': [{'variationType': 'Varietal', 'variationName': 'Peas', 'dqaHelperChecked': False, 'secondaryVariationType': 'Package Size', 'secondaryVariationName': 'Snow Peas 8oz', 'secondaryDqaHelperChecked': False, 'displayFlag': False}]}",PROD_SB,subcommodity_dqa_671a80248d26a628ef13f8d2_1733963971,replace,"spec: Modified smartSamples, Modified guidelines, Modified basicSpecifications, Modified packaging, Modified quality, Modified unitOfMeasure | tolerance: Modified usdaArrivalTolerance | defectScoringGuide: Added dqaHelperText, Added dqaHelperChecked, Modified list"
SMOKE_TEST,subcommodity_dqa_changestream,2024-12-12 00:39:31 UTC,59901,VEGETABLES COOKING PACKAGED,"{'variationAttributes': [{'variationType': 'Varietal', 'variationName': 'Peas', 'dqaHelperChecked': False, 'secondaryVariationType': 'Package Size', 'secondaryVariationName': 'Snow Peas 6oz', 'secondaryDqaHelperChecked': False, 'displayFlag': False}]}",PROD_SB,subcommodity_dqa_671a80248d26a628ef13f8d3_1733963971,replace,"spec: Modified smartSamples, Modified guidelines, Modified basicSpecifications, Modified packaging, Modified quality, Modified unitOfMeasure | tolerance: Modified usdaArrivalTolerance | defectScoringGuide: Added dqaHelperText, Added dqaHelperChecked, Modified list"
SMOKE_TEST,subcommodity_dqa_changestream,2024-12-12 00:39:31 UTC,59901,VEGETABLES COOKING PACKAGED,"{'variationAttributes': [{'variationType': 'Varietal', 'variationName': 'Stir Fry', 'dqaHelperChecked': False, 'secondaryVariationType': 'Package Size', 'secondaryVariationName': 'Stir Fry Teriyaki 9.5oz', 'secondaryDqaHelperChecked': False, 'displayFlag': False}]}",PROD_SB,subcommodity_dqa_671a80248d26a628ef13f8d4_1733963971,replace,"spec: Modified smartSamples, Modified guidelines, Modified packaging, Modified unitOfMeasure | tolerance: Modified usdaArrivalTolerance | defectScoringGuide: Added dqaHelperText, Added dqaHelperChecked, Modified list"
SMOKE_TEST,subcommodity_dqa_changestream,2024-12-12 00:39:31 UTC,59901,VEGETABLES COOKING PACKAGED,"{'variationAttributes': [{'variationType': 'Varietal', 'variationName': 'Stir Fry', 'dqaHelperChecked': False, 'secondaryVariationType': 'Package Size', 'secondaryVariationName': 'Teriyaki Stir Fry Kit Family Size 17oz', 'secondaryDqaHelperChecked': False, 'displayFlag': False}]}",PROD_SB,subcommodity_dqa_671a80248d26a628ef13f8d5_1733963971,replace,"spec: Modified smartSamples, Modified guidelines, Modified packaging, Modified unitOfMeasure | tolerance: Modified usdaArrivalTolerance | defectScoringGuide: Added dqaHelperText, Added dqaHelperChecked, Modified list"
SMOKE_TEST,subcommodity_dqa_changestream,2024-12-12 00:39:31 UTC,59901,VEGETABLES COOKING PACKAGED,"{'variationAttributes': [{'variationType': 'Varietal', 'variationName': 'Stir Fry', 'dqaHelperChecked': False, 'secondaryVariationType': 'Package Size', 'secondaryVariationName': 'Stir Fry Ginger Garlic 11oz', 'secondaryDqaHelperChecked': False, 'displayFlag': False}]}",PROD_SB,subcommodity_dqa_671a80248d26a628ef13f8d6_1733963971,replace,"spec: Modified smartSamples, Modified guidelines, Modified packaging, Modified unitOfMeasure | tolerance: Modified usdaArrivalTolerance | defectScoringGuide: Added dqaHelperText, Added dqaHelperChecked, Modified list"
SMOKE_TEST,subcommodity_dqa_changestream,2024-12-12 00:39:31 UTC,59901,VEGETABLES COOKING PACKAGED,"{'variationAttributes': [{'variationType': 'Varietal', 'variationName': 'Stir Fry', 'dqaHelperChecked': False, 'secondaryVariationType': 'Package Size', 'secondaryVariationName': 'Stir Fry Ginger Garlic Kit Family Size 19oz', 'secondaryDqaHelperChecked': False, 'displayFlag': False}]}",PROD_SB,subcommodity_dqa_671a80248d26a628ef13f8d7_1733963971,replace,"spec: Modified smartSamples, Modified guidelines, Modified packaging, Modified unitOfMeasure | tolerance: Modified usdaArrivalTolerance | defectScoringGuide: Added dqaHelperText, Added dqaHelperChecked, Modified list"
SMOKE_TEST,subcommodity_dqa_changestream,2024-12-12 00:39:32 UTC,59901,VEGETABLES COOKING PACKAGED,"{'variationAttributes': [{'variationType': 'Varietal', 'variationName': 'Stir Fry', 'dqaHelperChecked': False, 'secondaryVariationType': 'Package Size', 'secondaryVariationName': 'Pad Thai Stir Fry Kit Family Size 19oz', 'secondaryDqaHelperChecked': False, 'displayFlag': False}]}",PROD_SB,subcommodity_dqa_671a80248d26a628ef13f8d8_1733963972,replace,"spec: Modified smartSamples, Modified guidelines, Modified packaging, Modified unitOfMeasure | tolerance: Modified usdaArrivalTolerance | defectScoringGuide: Added dqaHelperText, Added dqaHelperChecked, Modified list"
SMOKE_TEST,subcommodity_dqa_changestream,2024-12-12 00:39:32 UTC,59901,VEGETABLES COOKING PACKAGED,"{'variationAttributes': [{'variationType': 'Varietal', 'variationName': 'Stir Fry', 'dqaHelperChecked': False, 'secondaryVariationType': 'Package Size', 'secondaryVariationName': 'Teriyaki Noodles Kit 23oz', 'secondaryDqaHelperChecked': False, 'displayFlag': False}]}",PROD_SB,subcommodity_dqa_671a80248d26a628ef13f8d9_1733963972,replace,"spec: Modified smartSamples, Modified guidelines, Modified packaging, Modified unitOfMeasure | tolerance: Modified usdaArrivalTolerance | defectScoringGuide: Added dqaHelperText, Added dqaHelperChecked, Modified list"
SMOKE_TEST,subcommodity_dqa_changestream,2024-12-12 00:39:32 UTC,59901,VEGETABLES COOKING PACKAGED,"{'variationAttributes': [{'variationType': 'Varietal', 'variationName': 'Sugar Snap Peas', 'dqaHelperChecked': False, 'secondaryVariationType': 'Package Size', 'secondaryVariationName': 'Green Giant 8oz', 'secondaryDqaHelperChecked': False, 'displayFlag': False}]}",PROD_SB,subcommodity_dqa_671a80248d26a628ef13f8da_1733963972,replace,"spec: Modified smartSamples, Modified guidelines, Modified packaging, Modified unitOfMeasure | tolerance: Modified usdaArrivalTolerance | defectScoringGuide: Added dqaHelperText, Added dqaHelperChecked, Modified list"
SMOKE_TEST,subcommodity_dqa_changestream,2024-12-12 00:39:32 UTC,59901,VEGETABLES COOKING PACKAGED,"{'variationAttributes': [{'variationType': 'Varietal', 'variationName': 'Sugar Snap Peas', 'dqaHelperChecked': False, 'secondaryVariationType': 'Package Size', 'secondaryVariationName': 'Kroger 8oz', 'secondaryDqaHelperChecked': False, 'displayFlag': False}]}",PROD_SB,subcommodity_dqa_671a80248d26a628ef13f8db_1733963972,replace,"spec: Modified smartSamples, Modified guidelines, Modified packaging, Modified quality, Modified unitOfMeasure | tolerance: Modified usdaArrivalTolerance | defectScoringGuide: Added dqaHelperText, Added dqaHelperChecked, Modified list"
SMOKE_TEST,subcommodity_dqa_changestream,2024-12-12 00:39:32 UTC,59901,VEGETABLES COOKING PACKAGED,"{'variationAttributes': [{'variationType': 'Varietal', 'variationName': 'Sugar Snap Peas', 'dqaHelperChecked': False, 'secondaryVariationType': 'Package Size', 'secondaryVariationName': 'Kroger 16oz', 'secondaryDqaHelperChecked': False, 'displayFlag': False}]}",PROD_SB,subcommodity_dqa_671a80248d26a628ef13f8dc_1733963972,replace,"spec: Modified smartSamples, Modified guidelines, Modified packaging, Modified quality, Modified unitOfMeasure | tolerance: Modified usdaArrivalTolerance | defectScoringGuide: Added dqaHelperText, Added dqaHelperChecked, Modified list"
SMOKE_TEST,subcommodity_dqa_changestream,2024-12-12 00:39:32 UTC,59901,VEGETABLES COOKING PACKAGED,"{'variationAttributes': [{'variationType': 'Varietal', 'variationName': 'Microwaveable Beans and Carrots', 'dqaHelperChecked': False, 'secondaryVariationType': 'Package Size', 'secondaryVariationName': 'Packaged', 'secondaryDqaHelperChecked': False, 'displayFlag': False}]}",PROD_SB,subcommodity_dqa_675a2b3c64f14368bcea2664_1733963972,replace,"spec: Modified smartSamples, Modified guidelines, Modified packaging, Modified quality, Modified unitOfMeasure | tolerance: Modified usdaArrivalTolerance | defectScoringGuide: Added dqaHelperText, Added dqaHelperChecked"
SMOKE_TEST,subcommodity_dqa_changestream,2024-12-12 00:39:32 UTC,59901,VEGETABLES COOKING PACKAGED,"{'variationAttributes': [{'variationType': 'Varietal', 'variationName': 'Microwaveable Green Beans', 'dqaHelperChecked': False, 'secondaryVariationType': 'Package Size', 'secondaryVariationName': 'Packaged', 'secondaryDqaHelperChecked': False, 'displayFlag': False}]}",PROD_SB,subcommodity_dqa_675a2b3c64f14368bcea2665_1733963972,replace,"spec: Modified smartSamples, Modified guidelines, Modified packaging, Modified quality, Modified unitOfMeasure | tolerance: Modified usdaArrivalTolerance | defectScoringGuide: Added dqaHelperText, Added dqaHelperChecked"
SMOKE_TEST,subcommodity_dqa_changestream,2024-12-12 00:39:32 UTC,59901,VEGETABLES COOKING PACKAGED,"{'variationAttributes': [{'variationType': 'Varietal', 'variationName': 'Private Selection Microwaveable Green Beans', 'dqaHelperChecked': False, 'secondaryVariationType': 'Package Size', 'secondaryVariationName': 'Packaged', 'secondaryDqaHelperChecked': False, 'displayFlag': False}]}",PROD_SB,subcommodity_dqa_675a2b3c64f14368bcea2666_1733963972,replace,"spec: Modified smartSamples, Modified guidelines, Modified packaging, Modified quality, Modified unitOfMeasure | tolerance: Modified usdaArrivalTolerance | defectScoringGuide: Added dqaHelperText, Added dqaHelperChecked"
SMOKE_TEST,subcommodity_dqa_changestream,2024-12-12 00:41:07 UTC,61709,FIELD TOMATOES BEEFSTEAK,,PROD_SB,subcommodity_dqa_671a80248d26a628ef13f811_1733964067,replace,No significant changes
